{
  "view/View1.view.xml": 1685098628200,
  "controller/View1.controller.js": 1685100367932,
  "model/models.js": 1685098628192,
  "controller/App.controller.js": 1685098628196,
  "manifest.json": 1685104411752,
  "Component.js": 1685098628184,
  "model/models-dbg.js": 1685098628192,
  "model/models.js.map": 1685104412056,
  "controller/View1-dbg.controller.js": 1685100367932,
  "controller/View1.controller.js.map": 1685104412060,
  "controller/App-dbg.controller.js": 1685098628196,
  "controller/App.controller.js.map": 1685104412044,
  "Component-dbg.js": 1685098628184,
  "Component.js.map": 1685104412049,
  "Component-preload.js": 1685104412339,
  "Component-preload.js.map": 1685104412339,
  "i18n/i18n.properties": 1685098628192,
  "view/App.view.xml": 1685098628196,
  "css/style.css": 1685098628196,
  "index.html": 1685098628184
}